<?xml version="1.0" encoding="UTF-8"?>
<metadata xml:lang="en"><Esri><CreaDate>20241216</CreaDate><CreaTime>16095800</CreaTime><ArcGISFormat>1.0</ArcGISFormat><SyncOnce>TRUE</SyncOnce><DataProperties><lineage><Process ToolSource="c:\program files (x86)\arcgis\desktop10.8\ArcToolbox\Toolboxes\Spatial Analyst Tools.tbx\ExtractValuesToPoints" Date="20241216" Time="160337">ExtractValuesToPoints ptttt Biomass2016_Ha_Ton.tif C:\Users\dhaque1\Documents\ArcGIS\Default1.gdb\Extract_ptttt1 NONE VALUE_ONLY</Process></lineage></DataProperties></Esri></metadata>
